date,irl,irs,sratio,sz,unr,land_supply,rei,m1,m2,gdp,cpi,cpi_yoy,fr,gini,tp,m1_gdp,gap,lnhpi,lnhpi_diff,lnhpi_mean,lnhpi_trend,irl_inv,irs_inv
2005-06-30,4.44,2.3346,0.4623,0.0190433452936,4.2,0.0,23.5,11.25,15.67,0.0,-0.8,1.6,4.0,0.473,0.00588886223467,-0.0387762150668,0.920523356335,0.0,0.0,0.0,0.0794766436654,0.225225225225,0.428338901739
2005-07-31,4.44,2.3346,0.4623,0.00193813151171,4.2,0.0,23.5,11.0,16.3,0.0,0.0,1.8,3.8,0.473,0.00588886223467,-0.0387762150668,0.913382340674,-0.00400802139754,0.0,0.0,0.0826176593258,0.225225225225,0.428338901739
2005-08-31,4.44,2.3346,0.4623,0.073649648718,4.2,0.0,22.3,11.5,17.34,0.0,0.2,1.3,3.8,0.473,0.00588886223467,-0.0387762150668,0.909245325014,-0.00500852173112,-0.00500852173112,-0.00250426086556,0.0857586749862,0.225225225225,0.428338901739
2005-09-30,4.44,2.3346,0.4623,-0.0061782012009,4.2,0.0,22.2,11.64,17.92,-0.027027027027,0.7,0.9,3.8,0.473,0.00588886223467,-0.0275116762897,0.921029369353,0.00988009076263,0.0138881121602,0.00443979521452,0.0888996906466,0.225225225225,0.428338901739
2005-10-31,4.44,2.3346,0.4623,-0.0543408093014,4.2,0.0,21.6,12.08,17.99,-0.027027027027,0.4,1.2,4.2,0.473,0.00588886223467,-0.0275116762897,0.921928069693,0.0138721117955,0.0188806335266,0.0163843728434,0.092040706307,0.225225225225,0.428338901739
2005-11-30,4.44,2.3346,0.4623,0.0058966871855,4.2,0.0,22.2,12.7,18.3,-0.027027027027,-0.3,1.3,4.45,0.473,0.00588886223467,-0.0275116762897,0.936024523033,0.0307292286757,0.0208491379131,0.0198648857198,0.0951817219674,0.225225225225,0.428338901739
2005-12-31,4.44,1.3754,0.4623,0.0562159487146,4.2,0.0,20.9,11.78,17.57,0.148148148148,0.4,1.6,3.9714,0.485,0.00590823768348,-0.0329070408593,0.934945920372,0.032727231832,0.0188551200365,0.0198521289748,0.0983227376278,0.225225225225,0.727061218555
2006-01-31,4.44,1.3754,0.4847,0.0835350891472,4.2,0.0,20.9,10.63,19.21,0.148148148148,1.3,1.9,4.2,0.485,0.00590823768348,-0.0329070408593,0.946270665712,0.0466301367986,0.0159009081229,0.0173780140797,0.101463753288,0.225225225225,0.727061218555
2006-02-28,4.44,1.3754,0.4847,0.0325775051151,4.2,0.0,19.7,12.4,18.8,0.148148148148,0.5,0.9,4.2,0.485,0.00590823768348,-0.0329070408593,0.951511525051,0.0545983061145,0.0218710742825,0.0188859912027,0.104604768949,0.225225225225,0.727061218555
2006-03-31,2.8,1.3536,0.4847,-0.0005658067943,4.2,0.0,20.2,12.7,18.8,0.00806451612903,-1.0,0.8,4.0,0.485,0.00590823768348,-0.0319563008329,0.953651091391,0.0595858481249,0.0129557113263,0.0174133928044,0.107745784609,0.357142857143,0.738770685579
2006-04-30,2.8,1.3536,0.4847,0.109318760374,4.2,0.0,21.3,12.5,18.9,0.00806451612903,0.1,1.2,4.5,0.485,0.00590823768348,-0.0319563008329,0.960062647731,0.0685455896047,0.0139472834902,0.0134514974082,0.110886800269,0.357142857143,0.738770685579
2006-05-31,2.8,1.3536,0.4847,0.139615184593,4.2,0.0,21.8,14.01,19.1,0.00806451612903,-0.2,1.4,3.5,0.485,0.00590823768348,-0.0319563008329,0.96548922707,0.0765137587129,0.016927910588,0.0154375970391,0.11402781593,0.357142857143,0.738770685579
2006-06-30,2.8,1.6053,0.4847,0.0188332419424,4.2,0.0,24.2,13.9,18.43,0.096,1.5,1.5,5.0,0.485,0.00590823768348,-0.0310938464641,0.96882531441,0.0824958310736,0.013950241469,0.0154390760285,0.11716883159,0.357142857143,0.622936522768
2006-07-31,2.8,1.6053,0.4847,-0.0355684779014,4.2,0.0,24.0,15.3,18.4,0.096,1.0,1.0,4.4167,0.485,0.00590823768348,-0.0310938464641,0.970028274749,0.0864878518076,0.00997409309472,0.0119621672819,0.120309847251,0.357142857143,0.622936522768
2006-08-31,2.8,1.6053,0.4847,0.0284641041015,4.2,0.0,24.0,15.6,17.9,0.096,0.4,1.3,3.7,0.485,0.00590823768348,-0.0310938464641,0.970158274089,0.0894833613671,0.00698753029345,0.00848081169409,0.123450862911,0.357142857143,0.622936522768
2006-09-30,2.92,1.7807,0.4847,0.0565439836782,4.1,0.0,24.3,15.7,16.83,-0.109489051095,0.5,1.5,4.5,0.485,0.00590823768348,-0.00845432697265,0.967017258428,0.0894833613671,0.00299550955953,0.00499151992649,0.126591878572,0.342465753425,0.561576907958
2006-10-31,2.92,1.7807,0.4847,0.0488289363761,4.1,0.0,24.1,16.3,17.1,-0.109489051095,0.1,1.4,4.3333,0.485,0.00590823768348,-0.00845432697265,0.969344287768,0.0944709022549,0.00498754088779,0.00399152522366,0.129732894232,0.342465753425,0.561576907958
2006-11-30,2.92,1.7807,0.4847,0.142163762321,4.1,0.0,24.0,16.8,16.8,-0.109489051095,0.3,1.9,4.275,0.485,0.00590823768348,-0.00845432697265,0.974995890108,0.102439072395,0.012955711028,0.00897162595789,0.132873909892,0.342465753425,0.561576907958
2006-12-31,2.92,2.0707,0.4847,0.274466736119,4.1,0.0,22.1,17.48,16.94,0.0245901639344,1.4,2.8,4.32,0.487,0.00529230016213,-0.00243304919166,0.979609962447,0.109414685594,0.0149437833388,0.0139497471834,0.136014925553,0.342465753425,0.482928478292
2007-01-31,2.92,2.0707,0.5064,0.0414360221778,4.1,0.0,22.1,20.21,15.93,0.0245901639344,0.7,2.2,4.6,0.487,0.00529230016213,-0.00243304919166,0.980931446787,0.113406707263,0.0109676348681,0.0129557091035,0.139155941213,0.342465753425,0.482928478292
2007-02-28,2.92,2.0707,0.5064,0.0340009367144,4.1,0.0,24.3,21.0,17.8,0.0245901639344,1.0,2.7,4.2,0.487,0.00529230016213,-0.00243304919166,0.984510955126,0.11938877865,0.00997409305597,0.010470863962,0.142296956874,0.342465753425,0.482928478292
2007-03-31,3.4,2.0707,0.5064,0.10513791216,4.1,0.0,26.9,19.8,17.3,0.104,-0.3,3.3,4.3667,0.487,0.00529230016213,-0.0135008825625,0.985877171466,0.12338080023,0.00997409296714,0.00997409301155,0.145437972534,0.294117647059,0.482928478292
2007-04-30,3.4,2.0707,0.5064,0.20643608964,4.1,0.0,27.4,20.0,17.1,0.104,-0.1,3.0,5.0,0.487,0.00529230016213,-0.0135008825625,0.994049306806,0.133331130698,0.0139423520488,0.011958222508,0.148578988194,0.294117647059,0.482928478292
2007-05-31,3.4,2.0707,0.5064,0.0698680020577,4.1,0.0,27.5,19.28,16.74,0.104,0.3,3.4,5.875,0.487,0.00529230016213,-0.0135008825625,1.00690508715,0.147234035755,0.0238532355249,0.0188977937868,0.151720003855,0.294117647059,0.482928478292
2007-06-30,4.4,2.2343,0.5064,-0.0703102986285,4.1,0.0,28.5,20.92,17.06,0.0869565217391,0.4,4.4,5.875,0.487,0.00529230016213,-0.0172139695633,1.01535032248,0.157184366685,0.0238532359869,0.0238532357559,0.154861019515,0.227272727273,0.447567470796
2007-07-31,4.4,2.2343,0.5064,0.170211869386,4.1,0.0,28.9,20.9,18.5,0.0869565217391,0.9,5.6,5.15,0.487,0.00529230016213,-0.0172139695633,1.02976247782,0.172072979912,0.0248389441563,0.0243460900716,0.158002035176,0.227272727273,0.447567470796
2007-08-31,4.3,2.2343,0.5064,0.167252884793,4.1,0.0,29.0,22.8,18.1,0.0869565217391,1.2,6.5,5.15,0.487,0.00529230016213,-0.0172139695633,1.05037675216,0.191875606993,0.0346912403078,0.029765092232,0.161143050836,0.232558139535,0.447567470796
2007-09-30,4.46,2.3765,0.5064,0.0638986745101,4.0,0.0,30.3,22.07,18.45,-0.0466666666667,0.3,6.2,5.7,0.487,0.00529230016213,-0.0156456581566,1.0666200535,0.207748956273,0.0356759763613,0.0351836083346,0.164284066496,0.224215246637,0.42078687145
2007-10-31,4.46,2.3765,0.5064,0.072485983739,4.0,0.0,31.4,22.21,18.47,-0.0466666666667,0.3,6.5,5.7,0.487,0.00529230016213,-0.0156456581566,1.08071169484,0.221651860897,0.029776253904,0.0327261151327,0.167425082157,0.224215246637,0.42078687145
2007-11-30,4.49,2.3765,0.5064,-0.181868973839,4.0,0.0,31.8,21.67,18.45,-0.0466666666667,0.7,6.9,5.7,0.487,0.00529230016213,-0.0156456581566,1.08256322618,0.22564388208,0.0178949258075,0.0238355898557,0.170566097817,0.22271714922,0.42078687145
2007-12-31,4.41,3.2224,0.5064,0.080008777083,4.0,0.0,30.2,21.01,16.72,-0.027972027972,1.0,6.5,5.7,0.484,0.00518075588826,-0.0219321254047,1.07942221052,0.22564388208,0.00399202118335,0.0109434734954,0.173707113478,0.226757369615,0.310327706058
2008-01-31,4.41,3.2224,0.5184,-0.166902876579,4.0,0.0,30.2,20.72,18.94,-0.027972027972,1.2,7.1,8.525,0.484,0.00518075588826,-0.0219321254047,1.07753432486,0.226643382952,0.000999500871994,0.00249576102767,0.176848129138,0.226757369615,0.310327706058
2008-02-29,4.41,3.2224,0.5184,-0.00795046211918,4.0,0.0,32.9,19.2,17.48,-0.027972027972,2.6,8.7,8.125,0.484,0.00518075588826,-0.0219321254047,1.0781564562,0.229638891644,0.00399500956407,0.00249725521803,0.179989144798,0.226757369615,0.310327706058
2008-03-31,4.07,3.2224,0.5184,-0.201407689886,4.0,0.0,32.3,18.25,16.29,-0.172661870504,-0.7,8.3,8.5,0.484,0.00518075588826,-0.0281810831677,1.07501544054,0.229638891644,0.00299550869207,0.00349525912807,0.183130160459,0.2457002457,0.310327706058
2008-04-30,4.07,3.2224,0.5184,0.0634642137142,4.0,0.0,32.1,19.05,16.94,-0.172661870504,0.1,8.5,7.1,0.484,0.00518075588826,-0.0281810831677,1.07564886188,0.23263440078,0.00299550913591,0.00299550891399,0.186271176119,0.2457002457,0.310327706058
2008-05-31,4.07,3.1108,0.5184,-0.0703342931397,4.0,0.0,31.9,17.93,18.07,-0.172661870504,-0.4,7.7,8.675,0.484,0.00518075588826,-0.0281810831677,1.06998400622,0.23063239817,0.000993506525583,0.00199450783075,0.18941219178,0.2457002457,0.3214607175
2008-06-30,4.41,3.1108,0.5184,-0.203081593101,4.0,6747.83,33.5,14.19,17.37,-0.0521739130435,-0.2,7.1,8.53,0.484,0.00518075588826,-0.06230810481,1.06432419756,0.228630395019,-0.00400400576156,-0.00150524961799,0.19255320744,0.226757369615,0.3214607175
2008-07-31,4.41,3.1108,0.5184,0.0144782561183,4.0,7041.27,30.9,13.96,16.35,-0.0521739130435,0.1,6.3,9.6,0.484,0.00518075588826,-0.06230810481,1.0624400599,0.229629895825,-0.00100250234522,-0.00250325405339,0.195694223101,0.226757369615,0.3214607175
2008-08-31,4.41,3.135,0.5184,-0.136306402994,4.0,7515.32166667,29.1,11.48,16.0,-0.0521739130435,-0.1,4.9,9.2,0.484,0.00518075588826,-0.06230810481,1.05929904424,0.229629895825,0.000999500806006,-1.50076960852e-06,0.198835238761,0.226757369615,0.318979266348
2008-09-30,3.68,3.135,0.5184,-0.043207783199,4.0,7609.67166667,26.5,9.43,15.29,-0.128440366972,0.0,4.6,7.8333,0.484,0.00518075588826,-0.0799879922388,1.05993243158,0.232625404924,0.00299550909946,0.00199750495273,0.201976254421,0.271739130435,0.318979266348
2008-10-31,3.68,3.135,0.5184,-0.246317002822,4.0,7259.66333333,24.6,8.85,15.02,-0.128440366972,-0.3,4.0,9.05,0.484,0.00518075588826,-0.0799879922388,1.05174378092,0.228617383323,-0.00101251250176,0.000991498298848,0.205117270082,0.271739130435,0.318979266348
2008-11-30,3.68,1.9336,0.5184,0.0823525873069,4.0,7723.63166667,22.7,6.8,14.8,-0.128440366972,-0.8,2.4,6.2,0.484,0.00518075588826,-0.0799879922388,1.04608904326,0.226615380734,-0.00601002419058,-0.00351126834617,0.208258285742,0.271739130435,0.517170045511
2008-12-31,2.9,1.9336,0.5184,-0.0269090337738,4.2,7481.785,23.4,9.06,17.82,-0.252631578947,-0.2,1.2,8.72,0.491,0.00509350710291,-0.0338177222181,1.0391849856,0.223610871703,-0.00500651162005,-0.00550826790531,0.211399301403,0.344827586207,0.517170045511
2009-01-31,2.9,1.9336,0.5049,0.0932840144881,4.2,7034.10166667,23.4,6.68,18.79,-0.252631578947,0.9,1.0,8.0,0.491,0.00509350710291,-0.0338177222181,1.03479338594,0.222610371599,-0.00400500913455,-0.0045057603773,0.214540317063,0.344827586207,0.517170045511
2009-02-28,2.9,1.9336,0.5049,0.0463138551744,4.2,5878.21,1.0,10.87,20.48,-0.252631578947,0.0,-1.6,8.0,0.491,0.00509350710291,-0.0338177222181,1.03040303628,0.221609871028,-0.00200100067541,-0.00300300490498,0.217681332723,0.344827586207,0.517170045511
2009-03-31,3.05,1.9336,0.5049,0.139405488244,4.3,5873.67666667,4.1,17.04,25.51,-0.0985915492958,-0.3,-1.2,6.825,0.491,0.00509350710291,0.0968104968603,1.03100627362,0.224605379922,0.00199500832278,-2.99617631697e-06,0.220822348384,0.327868852459,0.517170045511
2009-04-30,3.05,0.8481,0.5049,0.0439724542213,4.3,5913.50833333,4.9,17.48,25.89,-0.0985915492958,-0.2,-1.5,8.0,0.491,0.00509350710291,0.0968104968603,1.03787988696,0.23257354959,0.0109636785625,0.00647934344265,0.223963364044,0.327868852459,1.17910623747
2009-05-31,3.02,0.8078,0.5049,0.0627070325791,4.3,5416.10166667,5.8,18.69,25.74,-0.0985915492958,-0.3,-1.4,6.2,0.491,0.00509350710291,0.0968104968603,1.0435717743,0.239549163518,0.0149437835959,0.0129537310792,0.227104379705,0.331125827815,1.23793018074
2009-06-30,3.09,0.8159,0.5049,0.123980508407,4.3,5477.59333333,8.3,24.79,28.46,0.28125,-0.5,-1.7,6.8625,0.491,0.00509350710291,0.170073981084,1.05440819563,0.250489103016,0.0179155534258,0.0164296685108,0.230245395365,0.323624595469,1.22564039711
2009-07-31,3.48,1.1262,0.5049,0.152972160891,4.3,6507.225,9.5,26.37,28.42,0.28125,0.0,-1.8,7.4125,0.491,0.00509350710291,0.170073981084,1.06282906297,0.259448844913,0.019899681395,0.0189076174104,0.233386411025,0.287356321839,0.887941751021
2009-08-31,3.48,1.3119,0.5049,-0.218142870792,4.3,8361.19833333,12.5,27.72,28.53,0.28125,0.5,-1.2,8.0,0.491,0.00509350710291,0.170073981084,1.06746534031,0.26543091671,0.014941813694,0.0174207475445,0.236527426686,0.287356321839,0.76225322052
2009-09-30,3.44,1.1666,0.5049,0.0418634464688,4.3,9476.81333333,15.4,29.51,29.31,0.292682926829,0.4,-0.8,7.9,0.491,0.00509350710291,0.18757804322,1.07084428765,0.270418457584,0.0109696126711,0.0129557131825,0.239668442346,0.290697674419,0.857191839534
2009-10-31,3.44,1.219,0.5049,0.0778657175978,4.3,10516.5933333,16.6,32.03,29.42,0.292682926829,-0.1,-0.5,7.2167,0.491,0.00509350710291,0.18757804322,1.07294532299,0.274410478914,0.00897956220422,0.00997458743764,0.242809458007,0.290697674419,0.820344544709
2009-11-30,3.68,1.1988,0.5049,0.066576475175,4.3,12889.105,17.8,34.63,29.74,0.292682926829,0.3,0.6,7.15,0.491,0.00509350710291,0.18757804322,1.07769883633,0.280392550829,0.00997409324511,0.00947682772467,0.245950473667,0.271739130435,0.834167500834
2009-12-31,3.68,1.1746,0.5049,0.0256119845986,4.3,14171.5916667,16.1,32.35,27.68,0.122641509434,1.0,1.9,7.4133,0.49,0.00487944458668,0.170885389626,1.08779431367,0.290342881607,0.0159324026931,0.0129532479691,0.249091489327,0.271739130435,0.851353652307
2010-01-31,3.68,1.1746,0.5117,-0.0878348461875,4.3,15493.345,16.1,38.96,25.98,0.122641509434,0.6,1.5,8.0667,0.49,0.00487944458668,0.170885389626,1.09668527001,0.29930262281,0.0189100719816,0.0174212373373,0.252232504988,0.271739130435,0.851353652307
2010-02-28,3.43,1.1746,0.5117,0.0209584744481,4.3,15455.1066667,31.1,34.99,25.52,0.122641509434,1.2,2.7,7.7875,0.49,0.00487944458668,0.170885389626,1.09893992535,0.303294644006,0.0129517623989,0.0159309171902,0.255373520648,0.291545189504,0.851353652307
2010-03-31,3.36,1.1746,0.5117,0.0187297075994,4.2,14671.3883333,35.1,29.94,22.5,0.0252100840336,-0.7,2.4,7.06,0.49,0.00487944458668,0.0982467946833,1.11340498469,0.31621086942,0.0169082466095,0.0149300045042,0.258514536309,0.297619047619,0.851353652307
2010-04-30,3.36,1.2473,0.5117,-0.0767082488369,4.2,14280.2416667,36.2,31.25,21.48,0.0252100840336,0.2,2.8,7.3857,0.49,0.00487944458668,0.0982467946833,1.13358660103,0.333067986589,0.0297733425827,0.0233407945961,0.261655551969,0.297619047619,0.80173174056
2010-05-31,3.25,1.2473,0.5117,-0.0970051323568,4.2,13051.875,38.2,29.9,21.0,0.0252100840336,-0.1,3.1,7.22,0.49,0.00487944458668,0.0982467946833,1.12486461637,0.329059964912,0.0128490954922,0.0213112190374,0.264796567629,0.307692307692,0.80173174056
2010-06-30,3.41,1.8212,0.5117,-0.0747554054612,4.2,12461.71,38.1,24.56,18.46,-0.114754098361,-0.6,2.9,7.7,0.49,0.00487944458668,0.051016587764,1.11755461771,0.32605545629,-0.00701253029863,0.00291828259677,0.26793758329,0.293255131965,0.549088513068
2010-07-31,3.41,1.8212,0.5117,0.099706467309,4.2,11038.6216667,37.2,22.9,17.6,-0.114754098361,0.4,3.3,7.9333,0.49,0.00487944458668,0.051016587764,1.11302811005,0.325054956102,-0.00400500881025,-0.00550876955444,0.27107859895,0.293255131965,0.549088513068
2010-08-31,3.28,1.8212,0.5117,0.000490994702186,4.2,11748.68,36.7,21.9,19.2,-0.114754098361,0.6,3.5,7.5889,0.49,0.00487944458668,0.051016587764,1.11127120039,0.326054455923,-1.00036701195e-06,-0.00200300458863,0.274219614611,0.30487804878,0.549088513068
2010-09-30,3.29,1.6108,0.5117,0.00638927269158,4.1,12822.33,36.4,20.87,18.96,-0.0833333333333,0.6,3.6,7.5,0.49,0.00487944458668,0.0241818667805,1.11505763973,0.331041998099,0.0059870419967,0.00299302081485,0.277360630271,0.303951367781,0.620809535634
2010-10-31,3.67,1.8374,0.5117,0.121693757253,4.1,14592.3366667,36.5,22.1,19.3,-0.0833333333333,0.7,4.4,7.7714,0.49,0.00487944458668,0.0241818667805,1.11330904207,0.332041498238,0.00598704231472,0.00598704215571,0.280501645932,0.272479564033,0.544247305976
2010-11-30,3.67,2.677,0.5117,-0.0532604189222,4.1,15581.6966667,36.5,22.1,19.5,-0.0833333333333,1.1,5.1,7.1667,0.49,0.00487944458668,0.0241818667805,1.11434945841,0.335037007172,0.00399500907339,0.00499102569405,0.283642661592,0.272479564033,0.373552484124
2010-12-31,3.77,3.5978,0.5117,-0.00429192310706,4.1,16752.21,33.2,21.19,19.72,0.0,0.5,4.6,7.6864,0.481,0.00480329711502,0.0167277448531,1.11819840275,0.340024548256,0.00798305001801,0.0059890295457,0.286783677252,0.26525198939,0.277947634666
2011-01-31,3.94,3.5978,0.4914,-0.0061903573157,4.1,18469.8566667,33.2,13.6,17.2,0.0,1.0,4.9,8.3813,0.481,0.00480329711502,0.0167277448531,1.12348728009,0.346006620301,0.0109696131294,0.00947633157372,0.289924692913,0.253807106599,0.277947634666
2011-02-28,3.94,3.5978,0.4914,0.0409786956219,4.1,17189.3483333,35.2,14.5,15.7,0.0,1.24,4.94,8.2875,0.481,0.00480329711502,0.0167277448531,1.12458650043,0.349002129338,0.00897758108239,0.00997359710591,0.293065708573,0.253807106599,0.277947634666
2011-03-31,3.83,3.5978,0.4914,0.00793720458801,4.1,16080.2916667,34.1,15.0,16.6,0.030303030303,-0.21,5.38,7.9294,0.481,0.00480329711502,-0.0281643513153,1.12286313677,0.350001629524,0.00399500922274,0.00648629515256,0.296206724234,0.261096605744,0.277947634666
2011-04-30,3.83,2.4903,0.4914,-0.00566918398927,4.1,14769.9983333,34.3,12.9,15.3,0.030303030303,0.14,5.34,7.5177,0.481,0.00480329711502,-0.0281643513153,1.12114119111,0.351001129955,0.00199900061674,0.00299700491974,0.299347739894,0.261096605744,0.401558045215
2011-05-31,3.83,2.4903,0.4914,-0.0577153924543,4.1,14596.0283333,34.6,12.7,15.1,0.030303030303,0.07,5.52,7.8333,0.481,0.00480329711502,-0.0281643513153,1.11800017545,0.351001129955,0.000999500430937,0.00149925052384,0.302488755554,0.261096605744,0.401558045215
2011-06-30,3.99,2.4903,0.4914,0.00678118821697,4.1,14061.3833333,32.9,13.1,15.9,-0.0196078431373,0.28,6.36,8.0447,0.481,0.00480329711502,-0.0464975233769,1.11627964879,0.352000630337,0.00099950038161,0.000999500406274,0.305629771215,0.250626566416,0.401558045215
2011-07-31,3.99,2.4903,0.4914,-0.02184842126,4.1,13208.295,33.6,11.6,14.7,-0.0196078431373,0.46,6.45,8.5438,0.481,0.00480329711502,-0.0464975233769,1.11313863312,0.352000630337,0.00099950038161,0.00099950038161,0.308770786875,0.250626566416,0.401558045215
2011-08-31,3.93,2.4903,0.4914,-0.0497418504965,4.1,13958.955,33.2,11.2,13.5,-0.0196078431373,0.31,6.15,8.5026,0.481,0.00480329711502,-0.0464975233769,1.10999761746,0.352000630337,0.0,0.000499750190805,0.311911802536,0.254452926209,0.401558045215
2011-09-30,3.93,2.4903,0.4914,-0.0810644480279,4.1,14540.7633333,32.0,8.9,13.0,-0.06,0.47,6.07,8.4286,0.481,0.00480329711502,-0.0831578355827,1.1054346918,0.351000129595,-0.00100050074189,-0.000500250370947,0.315052818196,0.254452926209,0.401558045215
2011-10-31,3.93,2.4903,0.4914,0.0462144268021,4.1,15769.0616667,31.1,8.4,12.9,-0.06,0.09,5.5,8.3022,0.481,0.00480329711502,-0.0831578355827,1.09945270114,0.348998126938,-0.00300250339846,-0.00200150207018,0.318193833856,0.254452926209,0.401558045215
2011-11-30,3.57,2.4903,0.4914,-0.0546281778588,4.1,15530.4483333,29.9,7.8,12.7,-0.06,-0.19,4.23,8.149,0.481,0.00480329711502,-0.0831578355827,1.08922345348,0.343985585593,-0.00701454400158,-0.00500852370002,0.321334849517,0.280112044818,0.401558045215
2011-12-31,3.57,2.4903,0.4914,-0.0574253004396,4.1,16079.8333333,27.9,7.9,13.6,-0.063829787234,0.31,4.07,8.5357,0.477,0.00480270860833,-0.0609256374261,1.07902964582,0.338973043424,-0.0100250835141,-0.00851981375785,0.324475865177,0.280112044818,0.401558045215
2012-01-31,3.57,2.4903,0.4899,0.0423716830415,4.1,15838.8916667,27.9,3.1,12.4,-0.063829787234,1.5,4.5,8.9423,0.477,0.00480270860833,-0.0609256374261,1.07027460816,0.334965022058,-0.00902056353517,-0.00952282352464,0.327616880838,0.280112044818,0.401558045215
2012-02-29,3.51,2.4903,0.4899,0.0592673852073,4.1,14614.9633333,27.8,4.3,13.0,-0.063829787234,-0.1,3.2,8.8206,0.477,0.00480270860833,-0.0609256374261,1.0643378095,0.332963019372,-0.00601002405251,-0.00751529379384,0.330757896498,0.2849002849,0.401558045215
2012-03-31,3.51,2.4903,0.4899,-0.0682313720436,4.1,14022.2983333,23.5,4.4,13.4,-0.0795454545455,0.2,3.6,8.5516,0.477,0.00480270860833,-0.0709017955925,1.05980169784,0.331962518827,-0.00300250323098,-0.00450626364174,0.333898912158,0.2849002849,0.401558045215
2012-04-30,3.51,2.4903,0.4899,0.0590103889538,4.1,13423.1733333,18.7,3.1,12.8,-0.0795454545455,-0.1,3.4,7.6544,0.477,0.00480270860833,-0.0709017955925,1.05387328118,0.329960516315,-0.00300250305704,-0.00300250314401,0.337039927819,0.2849002849,0.401558045215
2012-05-31,3.36,2.4903,0.4899,-0.0100495927916,4.1,12265.1283333,18.5,3.5,13.2,-0.0795454545455,-0.3,3.0,8.3189,0.477,0.00480270860833,-0.0709017955925,1.04934135252,0.328960016131,-0.00300250269568,-0.00300250287636,0.340180943479,0.297619047619,0.401558045215
2012-06-30,3.36,2.4903,0.4899,-0.0618838613729,4.1,11516.085,16.6,4.7,13.6,-0.0617283950617,-0.6,2.2,8.0607,0.477,0.00480270860833,-0.0526020371724,1.04758985886,0.329959516252,-1.00006289855e-06,-0.00150175137929,0.34332195914,0.297619047619,0.401558045215
2012-07-31,3.36,2.4903,0.4899,-0.0547296231606,4.1,11543.4833333,15.4,4.6,13.9,-0.0617283950617,0.1,1.8,7.7095,0.477,0.00480270860833,-0.0526020371724,1.0458397552,0.330959016715,0.00199900058408,0.000999000260589,0.3464629748,0.297619047619,0.401558045215
2012-08-31,3.39,2.4903,0.4899,-0.0266738415523,4.1,12558.8383333,15.6,4.5,13.5,-0.0617283950617,0.6,2.0,8.2,0.477,0.00480270860833,-0.0526020371724,1.04409104254,0.331958517242,0.00199900099062,0.00199900078735,0.349603990461,0.294985250737,0.401558045215
2012-09-30,3.39,2.4903,0.4899,0.0188750108668,4.1,14958.9233333,15.4,7.3,14.8,-0.0131578947368,0.3,1.9,7.8538,0.477,0.00480270860833,-0.0167952568238,1.04095002688,0.331958517242,0.000999500526813,0.00149925075871,0.352745006121,0.294985250737,0.401558045215
2012-10-31,3.39,2.9389,0.4899,-0.00828743979994,4.1,14035.06,15.4,6.1,14.1,-0.0131578947368,-0.1,1.7,7.3647,0.477,0.00480270860833,-0.0167952568238,1.03780901122,0.331958517242,0.0,0.000499750263407,0.355886021781,0.294985250737,0.340263363844
2012-11-30,3.39,3.1324,0.4899,-0.0429038900275,4.1,16012.9716667,16.7,5.5,13.9,-0.0131578947368,0.1,2.0,8.1488,0.477,0.00480270860833,-0.0167952568238,1.03466799556,0.331958517242,0.0,0.0,0.359027037442,0.294985250737,0.319244030137
2012-12-31,3.55,3.1324,0.4899,0.145956526811,4.1,18566.615,16.2,6.5,13.8,0.08,0.8,2.5,7.7864,0.474,0.00496530225999,-0.0326240209508,1.0343143699,0.333956519858,0.00199800261541,0.000999001307706,0.362168053102,0.281690140845,0.319244030137
2013-01-31,3.55,3.1324,0.4805,0.0512505244305,4.1,17999.9033333,16.2,15.3,15.9,0.08,1.01,2.03,8.105,0.474,0.00496530225999,-0.0326240209508,1.03396631924,0.33595452263,0.00399600538814,0.00299700400178,0.365309068763,0.281690140845,0.319244030137
2013-02-28,3.52,3.1324,0.4805,-0.00831257530114,4.1,17890.515,22.8,9.5,15.2,0.08,1.06,3.22,7.9714,0.474,0.00496530225999,-0.0326240209508,1.03922095558,0.341936594075,0.00798007421727,0.0059880398027,0.368450084423,0.284090909091,0.319244030137
2013-03-31,3.52,3.1324,0.4805,-0.0545199448933,4.1,16217.8633333,20.2,11.9,15.7,-0.0246913580247,-0.91,2.07,8.0,0.474,0.00496530225999,0.0135938317793,1.04452596592,0.347918665583,0.0119641429526,0.00997210858494,0.371591100083,0.284090909091,0.319244030137
2013-04-30,3.52,3.1324,0.4805,-0.0262489711042,4.1,16867.97,21.1,11.9,16.1,-0.0246913580247,0.24,2.39,7.5615,0.474,0.00496530225999,0.0135938317793,1.04846553626,0.352906207565,0.0109696134899,0.0114668782212,0.374732115744,0.284090909091,0.319244030137
2013-05-31,3.38,3.1324,0.4805,0.0563305588105,4.1,14970.9816667,20.6,11.3,15.8,-0.0246913580247,-0.56,2.1,7.8766,0.474,0.00496530225999,0.0135938317793,1.0524405086,0.357893748894,0.00997508331107,0.0104723484005,0.377873131404,0.295857988166,0.319244030137
2013-06-30,3.38,3.1324,0.4805,-0.139698208507,4.1,13456.5,20.3,9.1,14.0,-0.0379746835443,0.0,2.67,8.0944,0.474,0.00496530225999,-0.0027018244582,1.05502074794,0.36188577047,0.0089795629052,0.00947732310813,0.381014147065,0.295857988166,0.319244030137
2013-07-31,3.38,3.1324,0.4805,0.00737315873133,4.1,13599.9333333,20.5,9.7,14.5,-0.0379746835443,0.1,2.67,7.8841,0.474,0.00496530225999,-0.0027018244582,1.05618783627,0.364881278974,0.00698753008015,0.00798354649268,0.384155162725,0.295857988166,0.319244030137
2013-08-31,4.08,3.1324,0.4805,0.0524541340426,4.1,14317.1033333,19.3,9.9,14.7,-0.0379746835443,0.47,2.57,7.7615,0.474,0.00496530225999,-0.0027018244582,1.05736784961,0.367876787956,0.00599101748609,0.00648927378312,0.387296178385,0.245098039216,0.319244030137
2013-09-30,4.08,3.1324,0.4805,0.0363532474068,4.04,15003.375,19.7,8.9,14.2,0.0394736842105,0.81,3.05,8.16,0.474,0.00496530225999,-0.0126681920021,1.06000548995,0.371868809148,0.00698753017419,0.00648927383014,0.390437194046,0.245098039216,0.319244030137
2013-10-31,4.08,3.7939,0.4805,-0.0151982029416,4.04,15178.5666667,19.2,8.9,14.3,0.0394736842105,0.06,3.21,8.106,0.474,0.00496530225999,-0.0126681920021,1.06266624529,0.375860830599,0.00798404264315,0.00748578640867,0.393578209706,0.245098039216,0.263581011624
2013-11-30,4.08,3.7939,0.4805,0.0368367035329,4.04,17359.3933333,19.5,9.4,14.2,0.0394736842105,-0.06,3.02,8.0426,0.474,0.00496530225999,-0.0126681920021,1.06535020763,0.379852851992,0.00798404284348,0.00798404274331,0.396719225367,0.245098039216,0.263581011624
2013-12-31,4.08,4.869,0.4805,-0.0470730969185,4.05,18332.475,19.8,9.3,13.6,-0.0253164556962,0.28,2.5,7.9451,0.473,0.00493338453812,-0.0119530986029,1.06659539997,0.382848360768,0.00698753016856,0.00748578650602,0.399860241027,0.245098039216,0.205380981721
2014-01-31,4.08,4.869,0.4796,-0.039175738122,4.05,18196.3316667,19.8,1.2,13.2,-0.0253164556962,1.0,2.49,8.3359,0.473,0.00493338453812,-0.0119530986029,1.06638729531,0.384846363239,0.00499351124666,0.00599052070761,0.403001256687,0.245098039216,0.205380981721
2014-02-28,4.08,4.869,0.4796,0.0114205863706,4.05,16914.1716667,19.3,6.9,13.3,-0.0253164556962,0.53,1.95,8.037,0.473,0.00493338453812,-0.0119530986029,1.06618505765,0.38684436651,0.00399600574199,0.00449475849433,0.406142272348,0.245098039216,0.205380981721
2014-03-31,4.42,4.869,0.4796,-0.0111831822369,4.08,16006.4716667,16.8,5.4,12.1,-0.038961038961,-0.49,2.38,7.9931,0.473,0.00493338453812,-0.0274945579734,1.06451636899,0.387843866619,0.00299750338041,0.0034967545612,0.409283288008,0.226244343891,0.205380981721
2014-04-30,4.3184,4.869,0.4796,-0.00341709511505,4.08,15298.0416667,16.4,5.5,13.2,-0.038961038961,-0.34,1.8,8.3576,0.473,0.00493338453812,-0.0274945579734,1.06284915333,0.388843367185,0.00199900067476,0.00249825202758,0.412424303669,0.231567247129,0.205380981721
2014-05-31,4.1348,4.869,0.4796,0.00634340032709,4.08,13268.9933333,14.7,5.7,13.4,-0.038961038961,0.1,2.48,8.3897,0.473,0.00493338453812,-0.0274945579734,1.05823286367,0.387842866483,-1.00013643628e-06,0.00099900026916,0.415565319329,0.241849666247,0.205380981721
2014-06-30,4.0,4.869,0.4796,0.00446986384937,4.08,11217.6733333,14.1,8.9,14.7,0.0135135135135,-0.13,2.34,8.3167,0.473,0.00493338453812,0.00229017278508,1.05067045401,0.384838357836,-0.00400500934869,-0.00200300474256,0.41870633499,0.25,0.205380981721
2014-07-31,4.1832,4.869,0.4796,0.0748098326097,4.08,11192.8916667,13.7,6.7,13.5,0.0135135135135,0.05,2.29,8.1178,0.473,0.00493338453812,0.00229017278508,1.03577442335,0.376806185667,-0.0110366808159,-0.00752084508231,0.42184735065,0.239051443871,0.205380981721
2014-08-31,4.2293,4.869,0.4796,0.00710313858978,4.08,11736.9416667,13.2,5.7,12.8,0.0135135135135,0.18,1.99,8.12,0.473,0.00493338453812,0.00229017278508,1.02097243369,0.368774014102,-0.0160643437337,-0.0135505122748,0.42498836631,0.236445747523,0.205380981721
2014-09-30,4.13,4.869,0.4796,0.0661510012629,4.07,11146.9,12.5,4.8,12.9,-0.0533333333333,0.45,1.63,8.8136,0.473,0.00493338453812,-0.0332931690995,1.00337181003,0.358723678249,-0.018082507418,-0.0170734255759,0.428129381971,0.242130750605,0.205380981721
2014-10-31,3.7773,3.4833,0.4796,0.0238202608434,4.07,10869.2633333,12.4,3.2,12.6,-0.0533333333333,0.03,1.6,8.7445,0.473,0.00493338453812,-0.0332931690995,0.988778785369,0.350691506929,-0.0180825071733,-0.0180825072956,0.431270397631,0.264739364096,0.287084086929
2014-11-30,3.578,3.4833,0.4796,0.108527967778,4.07,12389.25,11.9,3.2,12.3,-0.0533333333333,-0.22,1.44,8.872,0.473,0.00493338453812,-0.0332931690995,0.979957572708,0.346683485342,-0.0120401929068,-0.0150613500401,0.434411413292,0.279485746227,0.287084086929
2014-12-31,3.77,3.3995,0.4796,0.205693603967,4.09,12288.7633333,10.5,3.2,12.2,0.0140845070423,0.35,1.51,8.198,0.469,0.0052178258569,-0.0396030075263,0.972573450048,0.343678976292,-0.00701253063711,-0.00952636177197,0.437552428952,0.26525198939,0.294160906016
2015-01-31,3.4205,3.3995,0.479,-0.0075166701343,4.09,12249.9166667,10.5,10.6,10.8,0.0140845070423,0.26,0.76,8.376,0.469,0.0052178258569,-0.0396030075263,0.967230803834,0.33967095455,-0.00701253079223,-0.00701253071467,0.437254571166,0.292354918872,0.294160906016
2015-02-28,3.4205,3.3995,0.479,0.0311304360286,4.09,11595.8633333,10.4,5.6,12.5,0.0140845070423,1.19,1.43,8.5923,0.469,0.0052178258569,-0.0396030075263,0.962050087801,0.335662933509,-0.00801604278226,-0.00751428678724,0.436817346199,0.292354918872,0.294160906016
2015-03-31,3.3897,3.3995,0.479,0.132192128636,4.05,11222.4933333,8.5,2.9,11.6,-0.0277777777778,-0.55,1.38,8.7727,0.469,0.0052178258569,-0.0415943329955,0.961121705588,0.334662432771,-0.00500852177871,-0.00651228228048,0.436346860412,0.295011357937,0.294160906016
2015-04-30,3.64,3.3995,0.479,0.185105308334,4.05,10705.3966667,6.0,3.7,10.1,-0.0277777777778,-0.21,1.51,8.3158,0.469,0.0052178258569,-0.0415943329955,0.962955108225,0.335661933414,-1.00009526682e-06,-0.00250476093699,0.435910926775,0.274725274725,0.294160906016
2015-05-31,3.64,3.3995,0.479,0.038294059309,4.05,9242.00333333,5.1,4.7,10.8,-0.0277777777778,-0.17,1.23,8.295,0.469,0.0052178258569,-0.0415943329955,0.966122456813,0.337659936027,0.00299750325607,0.0014982515804,0.435541310187,0.274725274725,0.294160906016
2015-06-30,3.64,3.3995,0.479,-0.0725370055233,4.04,8678.21333333,4.6,4.3,11.8,0.0,0.03,1.39,8.1,0.469,0.0052178258569,-0.0317765005559,0.970600449602,0.340655444793,0.00499351137843,0.00399550731725,0.435268308398,0.274725274725,0.294160906016
2015-07-31,3.51,3.3995,0.479,-0.143433357993,4.04,8383.535,4.3,6.6,13.3,0.0,0.31,1.65,8.0833,0.469,0.0052178258569,-0.0317765005559,0.974997810973,0.343650954287,0.00599101826036,0.00549226481939,0.435088554027,0.2849002849,0.294160906016
2015-08-31,3.45,3.3995,0.479,-0.124938423336,4.04,9216.14,3.5,9.3,13.3,0.0,0.48,1.96,8.281,0.469,0.0052178258569,-0.0317765005559,0.977939762947,0.345648956433,0.00499351164067,0.00549226495051,0.434966774053,0.289855072464,0.294160906016
2015-09-30,3.32,3.3995,0.479,-0.0477868973518,4.05,9781.36833333,2.6,11.4,13.1,-0.0142857142857,0.1,1.6,8.1758,0.469,0.0052178258569,0.0443593931919,0.980831321279,0.347646959044,0.00399600475641,0.00449475819854,0.434901028721,0.301204819277,0.294160906016
2015-10-31,2.99,2.3321,0.479,0.108026011951,4.05,10353.6133333,2.0,14.0,13.5,-0.0142857142857,-0.29,1.27,7.9577,0.469,0.0052178258569,0.0443593931919,0.982290197424,0.348646459835,0.00299750340215,0.00349675407928,0.434857885576,0.334448160535,0.428798078985
2015-11-30,3.092,2.5352,0.479,0.0185787030254,4.05,11574.9333333,1.3,15.7,13.7,-0.0142857142857,-0.01,1.49,7.94,0.469,0.0052178258569,0.0443593931919,0.985114378709,0.350644462381,0.00299750333752,0.00299750336984,0.434868000291,0.323415265201,0.394446197539
2015-12-31,2.9764,2.2809,0.479,0.0272180499661,4.05,11871.25,1.0,15.2,13.3,-0.0144927536232,0.5,1.6,7.869,0.462,0.00497141436739,0.0822725252113,0.987892714211,0.352642465214,0.00399600537853,0.00349675435802,0.434929629789,0.335976347265,0.438423429348
2016-01-31,2.85,2.0963,0.479,-0.226487928567,4.05,11948.0666667,1.0,18.6,14.0,-0.0144927536232,0.5,1.8,7.9412,0.462,0.00497141436739,0.0822725252113,0.992018901023,0.355637974171,0.00499351179013,0.00449475858433,0.435071909977,0.350877192982,0.477030959309
2016-02-29,2.85,1.9896,0.479,-0.0181257305669,4.05,10760.5683333,3.0,17.4,13.3,-0.0144927536232,1.6,2.3,7.95,0.462,0.00497141436739,0.0822725252113,0.997476462729,0.359629995271,0.00698753005662,0.00599052092337,0.435322711271,0.350877192982,0.502613590671
2016-03-31,2.8196,1.8904,0.479,0.117536632541,4.04,10242.275,6.2,22.1,13.4,-0.0147058823529,-0.43,2.3,7.5657,0.462,0.00497141436739,0.140578658069,1.00846220527,0.367598164648,0.011960190477,0.00947386026681,0.435799361728,0.354660235494,0.528988573847
2016-04-30,2.8632,2.1838,0.479,-0.0218351717675,4.04,10029.92,7.2,22.9,12.8,-0.0147058823529,-0.18,2.33,6.95,0.462,0.00497141436739,0.140578658069,1.01790708738,0.374573778406,0.0149437831355,0.0134519868062,0.436464310615,0.349259569712,0.457917391703
2016-05-31,2.9,2.1359,0.479,-0.00738788506645,4.04,8495.67333333,7.0,23.7,11.8,-0.0147058823529,-0.46,2.04,6.9946,0.462,0.00497141436739,0.140578658069,1.02439153579,0.379561319924,0.0119631552756,0.0134534692056,0.437251719211,0.344827586207,0.468186712861
2016-06-30,2.9951,2.1842,0.479,0.00445379165444,4.05,8101.68666667,6.1,24.6,11.8,0.0,-0.13,1.88,6.7928,0.462,0.00497141436739,0.16152274355,1.03079391248,0.384548861929,0.00997508352247,0.010969119399,0.438157559516,0.333878668492,0.457833531728
2016-07-31,2.8114,2.1031,0.479,0.0169760029164,4.05,8497.16833333,5.3,25.4,10.2,0.0,0.19,1.77,6.6717,0.462,0.00497141436739,0.16152274355,1.03711826804,0.389536403196,0.00997508327177,0.00997508339712,0.439177960955,0.355694671694,0.4754885645
2016-08-31,2.74,1.9807,0.479,0.0356293795369,4.05,8674.15666667,5.4,25.3,11.4,0.0,0.06,1.34,6.6652,0.462,0.00497141436739,0.16152274355,1.04915729504,0.398496144526,0.0139472825977,0.0119611829347,0.440425599962,0.36496350365,0.504872014944
2016-09-30,2.7523,1.9775,0.479,-0.0261831909411,4.04,8837.86833333,5.8,24.7,11.5,0.0,0.67,1.92,6.6829,0.462,0.00497141436739,0.156332109624,1.06986108749,0.413384756739,0.0238483535432,0.0188978180704,0.442065550507,0.363332485558,0.505689001264
2016-10-31,2.6768,2.0111,0.479,0.0318796899394,4.04,9379.65666667,6.6,23.9,11.6,0.0,-0.12,2.1,6.9089,0.462,0.00497141436739,0.156332109624,1.07717033174,0.41936682853,0.0208706840033,0.0223595187732,0.443827866258,0.373580394501,0.497240316245
2016-11-30,2.7,2.1092,0.479,0.0482317000012,4.04,9873.68333333,6.5,22.7,11.4,0.0,0.14,2.25,6.3872,0.462,0.00497141436739,0.156332109624,1.0799382024,0.422362337776,0.00897758103656,0.0149241325199,0.445622990599,0.37037037037,0.474113407927
2016-12-31,3.0643,2.6474,0.479,-0.045044667225,4.02,10840.445,6.9,21.4,11.3,0.0149253731343,0.22,2.08,6.5436,0.465,0.00588526283627,0.107650777976,1.08268797835,0.425357846377,0.00599101784733,0.00748429944195,0.447449897651,0.326338804947,0.377729092695
2017-01-31,3.0956,2.5218,0.479,0.0178914913801,4.02,10918.68,6.9,14.5,11.3,0.0149253731343,1.0,2.55,6.3917,0.465,0.00588526283627,0.107650777976,1.08542069016,0.428353355599,0.00599101782359,0.00599101783546,0.449307599836,0.323039152345,0.396542152431
2017-02-28,3.4,2.5344,0.479,0.0261357269608,4.02,10524.2666667,8.9,21.4,11.1,0.0149253731343,-0.2,0.8,6.6478,0.465,0.00588526283627,0.107650777976,1.08964408564,0.432345376765,0.00698753038789,0.00648927410574,0.451223117363,0.294117647059,0.394570707071
2017-03-31,3.2574,2.8771,0.479,-0.00592858801362,3.97,10687.775,9.1,18.8,10.6,0.0147058823529,-0.3,0.9,6.5953,0.465,0.00588526283627,0.0619409966674,1.09988865662,0.440313546656,0.011960191057,0.00947386072242,0.45330548438,0.306993307546,0.347572208126
2017-04-30,3.2733,2.9443,0.479,-0.0210567885162,3.97,10229.4216667,9.3,18.5,10.5,0.0147058823529,0.1,1.2,6.5923,0.465,0.00588526283627,0.0619409966674,1.10854446218,0.447289160401,0.014943783636,0.0134519873465,0.455522037817,0.305502092689,0.33963930306
2017-05-31,3.52,3.2738,0.479,-0.0118810328243,3.97,9451.975,8.8,17.0,9.6,0.0147058823529,-0.1,1.5,6.4913,0.465,0.00588526283627,0.0619409966674,1.11560958065,0.453271232078,0.0129576854223,0.0139507345291,0.457841318348,0.284090909091,0.305455434052
2017-06-30,3.6985,3.3317,0.479,0.0241401372742,3.95,8660.71166667,8.5,15.0,9.4,0.0,-0.2,1.5,6.6304,0.465,0.00588526283627,0.0351755408251,1.12263143247,0.459253303507,0.0119641431062,0.0124609142642,0.460260171527,0.270379883737,0.300147072065
2017-07-31,3.5661,2.9996,0.479,0.0252476885219,3.95,8647.68666667,7.9,15.3,9.2,0.0,0.1,1.4,6.6824,0.465,0.00588526283627,0.0351755408251,1.12650157942,0.463245325144,0.00997409306565,0.0109691180859,0.462721591583,0.280418384229,0.333377783704
2017-08-31,3.62,2.9015,0.479,0.0268198108767,3.95,9571.35666667,7.9,14.0,8.9,0.0,0.4,1.8,6.7143,0.465,0.00588526283627,0.0351755408251,1.12879339449,0.466240833802,0.00698753029498,0.00848081168031,0.465197445514,0.276243093923,0.344649319318
